timestamp,cycle,label,x,y,http_status,elapsed_s,success,expected_min_s,extra_wait_s,message
2026-09-23T13:31:08,1,P1,0.0,0.0,200,3.565,True,0.000,0.000,"Moved to (0.000, 0.000)"
2026-09-23T13:31:14,1,P2,380.0,0.0,200,5.563,True,0.380,0.000,"Moved to (380.000, 0.000)"
2026-09-23T13:31:19,1,P3,380.0,570.0,200,5.429,True,0.570,0.000,"Moved to (380.000, 570.000)"
2026-09-23T13:31:25,1,P4,0.0,570.0,200,5.533,True,0.380,0.000,"Moved to (0.000, 570.000)"
2026-09-23T13:31:30,1,P5,200.0,285.0,200,4.800,True,0.348,0.000,"Moved to (200.000, 285.000)"
2026-09-23T13:31:35,2,P1,0.0,0.0,200,4.819,True,0.348,0.000,"Moved to (0.000, 0.000)"
2026-09-23T13:31:40,2,P2,380.0,0.0,200,5.617,True,0.380,0.000,"Moved to (380.000, 0.000)"
2026-09-23T13:31:46,2,P3,380.0,570.0,200,5.547,True,0.570,0.000,"Moved to (380.000, 570.000)"
2026-09-23T13:31:51,2,P4,0.0,570.0,200,5.465,True,0.380,0.000,"Moved to (0.000, 570.000)"
2026-09-23T13:31:57,2,P5,200.0,285.0,200,5.497,True,0.348,0.000,"Moved to (200.000, 285.000)"
2026-09-23T13:32:02,3,P1,0.0,0.0,200,4.865,True,0.348,0.000,"Moved to (0.000, 0.000)"
2026-09-23T13:32:07,3,P2,380.0,0.0,200,5.498,True,0.380,0.000,"Moved to (380.000, 0.000)"
2026-09-23T13:32:12,3,P3,380.0,570.0,200,5.406,True,0.570,0.000,"Moved to (380.000, 570.000)"
2026-09-23T13:32:18,3,P4,0.0,570.0,200,5.566,True,0.380,0.000,"Moved to (0.000, 570.000)"
2026-09-23T13:32:23,3,P5,200.0,285.0,200,5.478,True,0.348,0.000,"Moved to (200.000, 285.000)"
2026-09-23T13:32:29,4,P1,0.0,0.0,200,5.585,True,0.348,0.000,"Moved to (0.000, 0.000)"
2026-09-23T13:32:35,4,P2,380.0,0.0,200,5.536,True,0.380,0.000,"Moved to (380.000, 0.000)"
2026-09-23T13:32:40,4,P3,380.0,570.0,200,5.451,True,0.570,0.000,"Moved to (380.000, 570.000)"
2026-09-23T13:32:46,4,P4,0.0,570.0,200,5.498,True,0.380,0.000,"Moved to (0.000, 570.000)"
2026-09-23T13:32:50,4,P5,200.0,285.0,200,4.848,True,0.348,0.000,"Moved to (200.000, 285.000)"
2026-09-23T13:32:55,5,P1,0.0,0.0,200,4.861,True,0.348,0.000,"Moved to (0.000, 0.000)"
2026-09-23T13:33:01,5,P2,380.0,0.0,200,5.537,True,0.380,0.000,"Moved to (380.000, 0.000)"
2026-09-23T13:33:06,5,P3,380.0,570.0,200,5.413,True,0.570,0.000,"Moved to (380.000, 570.000)"
2026-09-23T13:33:12,5,P4,0.0,570.0,200,5.543,True,0.380,0.000,"Moved to (0.000, 570.000)"
2026-09-23T13:33:17,5,P5,200.0,285.0,200,4.885,True,0.348,0.000,"Moved to (200.000, 285.000)"
2026-09-23T13:33:21,6,P1,0.0,0.0,200,4.823,True,0.348,0.000,"Moved to (0.000, 0.000)"
2026-09-23T13:33:27,6,P2,380.0,0.0,200,5.502,True,0.380,0.000,"Moved to (380.000, 0.000)"
2026-09-23T13:33:32,6,P3,380.0,570.0,200,5.477,True,0.570,0.000,"Moved to (380.000, 570.000)"
2026-09-23T13:33:38,6,P4,0.0,570.0,200,5.581,True,0.380,0.000,"Moved to (0.000, 570.000)"
2026-09-23T13:33:43,6,P5,200.0,285.0,200,4.885,True,0.348,0.000,"Moved to (200.000, 285.000)"
2026-09-23T13:33:48,7,P1,0.0,0.0,200,5.564,True,0.348,0.000,"Moved to (0.000, 0.000)"
2026-09-23T13:33:54,7,P2,380.0,0.0,200,5.566,True,0.380,0.000,"Moved to (380.000, 0.000)"
2026-09-23T13:34:00,7,P3,380.0,570.0,200,5.566,True,0.570,0.000,"Moved to (380.000, 570.000)"
2026-09-23T13:34:05,7,P4,0.0,570.0,200,5.548,True,0.380,0.000,"Moved to (0.000, 570.000)"
2026-09-23T13:34:10,7,P5,200.0,285.0,200,4.785,True,0.348,0.000,"Moved to (200.000, 285.000)"
2026-09-23T13:34:15,8,P1,0.0,0.0,200,5.498,True,0.348,0.000,"Moved to (0.000, 0.000)"
2026-09-23T13:34:21,8,P2,380.0,0.0,200,5.536,True,0.380,0.000,"Moved to (380.000, 0.000)"
2026-09-23T13:34:27,8,P3,380.0,570.0,200,5.563,True,0.570,0.000,"Moved to (380.000, 570.000)"
2026-09-23T13:34:32,8,P4,0.0,570.0,200,5.519,True,0.380,0.000,"Moved to (0.000, 570.000)"
2026-09-23T13:34:38,8,P5,200.0,285.0,200,5.529,True,0.348,0.000,"Moved to (200.000, 285.000)"
2026-09-23T13:34:43,9,P1,0.0,0.0,200,5.602,True,0.348,0.000,"Moved to (0.000, 0.000)"
2026-09-23T13:34:49,9,P2,380.0,0.0,200,5.461,True,0.380,0.000,"Moved to (380.000, 0.000)"
2026-09-23T13:34:54,9,P3,380.0,570.0,200,5.366,True,0.570,0.000,"Moved to (380.000, 570.000)"
2026-09-23T13:35:00,9,P4,0.0,570.0,200,5.566,True,0.380,0.000,"Moved to (0.000, 570.000)"
2026-09-23T13:35:04,9,P5,200.0,285.0,200,4.885,True,0.348,0.000,"Moved to (200.000, 285.000)"
2026-09-23T13:35:10,10,P1,0.0,0.0,200,5.501,True,0.348,0.000,"Moved to (0.000, 0.000)"
2026-09-23T13:35:16,10,P2,380.0,0.0,200,5.584,True,0.380,0.000,"Moved to (380.000, 0.000)"
2026-09-23T13:35:21,10,P3,380.0,570.0,200,5.422,True,0.570,0.000,"Moved to (380.000, 570.000)"
2026-09-23T13:35:27,10,P4,0.0,570.0,200,5.554,True,0.380,0.000,"Moved to (0.000, 570.000)"
2026-09-23T13:35:31,10,P5,200.0,285.0,200,4.934,True,0.348,0.000,"Moved to (200.000, 285.000)"
2026-09-23T13:35:37,11,P1,0.0,0.0,200,5.562,True,0.348,0.000,"Moved to (0.000, 0.000)"
2026-09-23T13:35:43,11,P2,380.0,0.0,200,5.584,True,0.380,0.000,"Moved to (380.000, 0.000)"
2026-09-23T13:35:48,11,P3,380.0,570.0,200,5.416,True,0.570,0.000,"Moved to (380.000, 570.000)"
2026-09-23T13:35:54,11,P4,0.0,570.0,200,5.597,True,0.380,0.000,"Moved to (0.000, 570.000)"
2026-09-23T13:35:58,11,P5,200.0,285.0,200,4.836,True,0.348,0.000,"Moved to (200.000, 285.000)"
2026-09-23T13:36:03,12,P1,0.0,0.0,200,4.814,True,0.348,0.000,"Moved to (0.000, 0.000)"
2026-09-23T13:36:09,12,P2,380.0,0.0,200,5.614,True,0.380,0.000,"Moved to (380.000, 0.000)"
2026-09-23T13:36:14,12,P3,380.0,570.0,200,5.400,True,0.570,0.000,"Moved to (380.000, 570.000)"
2026-09-23T13:36:20,12,P4,0.0,570.0,200,5.484,True,0.380,0.000,"Moved to (0.000, 570.000)"
2026-09-23T13:36:25,12,P5,200.0,285.0,200,4.850,True,0.348,0.000,"Moved to (200.000, 285.000)"
2026-09-23T13:36:30,13,P1,0.0,0.0,200,5.534,True,0.348,0.000,"Moved to (0.000, 0.000)"
2026-09-23T13:36:36,13,P2,380.0,0.0,200,5.529,True,0.380,0.000,"Moved to (380.000, 0.000)"
2026-09-23T13:36:41,13,P3,380.0,570.0,200,5.383,True,0.570,0.000,"Moved to (380.000, 570.000)"
2026-09-23T13:36:47,13,P4,0.0,570.0,200,5.486,True,0.380,0.000,"Moved to (0.000, 570.000)"
2026-09-23T13:36:52,13,P5,200.0,285.0,200,5.548,True,0.348,0.000,"Moved to (200.000, 285.000)"
2026-09-23T13:36:58,14,P1,0.0,0.0,200,5.564,True,0.348,0.000,"Moved to (0.000, 0.000)"
2026-09-23T13:37:03,14,P2,380.0,0.0,200,5.603,True,0.380,0.000,"Moved to (380.000, 0.000)"
2026-09-23T13:37:09,14,P3,380.0,570.0,200,5.596,True,0.570,0.000,"Moved to (380.000, 570.000)"
2026-09-23T13:37:14,14,P4,0.0,570.0,200,5.516,True,0.380,0.000,"Moved to (0.000, 570.000)"
2026-09-23T13:37:19,14,P5,200.0,285.0,200,4.799,True,0.348,0.000,"Moved to (200.000, 285.000)"
2026-09-23T13:37:24,15,P1,0.0,0.0,200,4.865,True,0.348,0.000,"Moved to (0.000, 0.000)"
2026-09-23T13:37:30,15,P2,380.0,0.0,200,5.538,True,0.380,0.000,"Moved to (380.000, 0.000)"
2026-09-23T13:37:35,15,P3,380.0,570.0,200,5.366,True,0.570,0.000,"Moved to (380.000, 570.000)"
2026-09-23T13:37:41,15,P4,0.0,570.0,200,5.562,True,0.380,0.000,"Moved to (0.000, 570.000)"
2026-09-23T13:37:45,15,P5,200.0,285.0,200,4.850,True,0.348,0.000,"Moved to (200.000, 285.000)"
2026-09-23T13:37:51,16,P1,0.0,0.0,200,5.530,True,0.348,0.000,"Moved to (0.000, 0.000)"
2026-09-23T13:37:56,16,P2,380.0,0.0,200,5.550,True,0.380,0.000,"Moved to (380.000, 0.000)"
2026-09-23T13:38:02,16,P3,380.0,570.0,200,5.534,True,0.570,0.000,"Moved to (380.000, 570.000)"
2026-09-23T13:38:08,16,P4,0.0,570.0,200,5.600,True,0.380,0.000,"Moved to (0.000, 570.000)"
2026-09-23T13:38:13,16,P5,200.0,285.0,200,4.970,True,0.348,0.000,"Moved to (200.000, 285.000)"
2026-09-23T13:38:17,17,P1,0.0,0.0,200,4.820,True,0.348,0.000,"Moved to (0.000, 0.000)"
2026-09-23T13:38:23,17,P2,380.0,0.0,200,5.633,True,0.380,0.000,"Moved to (380.000, 0.000)"
2026-09-23T13:38:28,17,P3,380.0,570.0,200,5.422,True,0.570,0.000,"Moved to (380.000, 570.000)"
2026-09-23T13:38:34,17,P4,0.0,570.0,200,5.590,True,0.380,0.000,"Moved to (0.000, 570.000)"
2026-09-23T13:38:39,17,P5,200.0,285.0,200,4.761,True,0.348,0.000,"Moved to (200.000, 285.000)"
2026-09-23T13:38:44,18,P1,0.0,0.0,200,5.557,True,0.348,0.000,"Moved to (0.000, 0.000)"
2026-09-23T13:38:50,18,P2,380.0,0.0,200,5.514,True,0.380,0.000,"Moved to (380.000, 0.000)"
2026-09-23T13:38:55,18,P3,380.0,570.0,200,5.420,True,0.570,0.000,"Moved to (380.000, 570.000)"
2026-09-23T13:39:01,18,P4,0.0,570.0,200,5.489,True,0.380,0.000,"Moved to (0.000, 570.000)"
2026-09-23T13:39:06,18,P5,200.0,285.0,200,5.515,True,0.348,0.000,"Moved to (200.000, 285.000)"
2026-09-23T13:39:11,19,P1,0.0,0.0,200,4.750,True,0.348,0.000,"Moved to (0.000, 0.000)"
2026-09-23T13:39:17,19,P2,380.0,0.0,200,5.449,True,0.380,0.000,"Moved to (380.000, 0.000)"
2026-09-23T13:39:22,19,P3,380.0,570.0,200,5.489,True,0.570,0.000,"Moved to (380.000, 570.000)"
2026-09-23T13:39:28,19,P4,0.0,570.0,200,5.526,True,0.380,0.000,"Moved to (0.000, 570.000)"
2026-09-23T13:39:32,19,P5,200.0,285.0,200,4.831,True,0.348,0.000,"Moved to (200.000, 285.000)"
2026-09-23T13:39:37,20,P1,0.0,0.0,200,4.864,True,0.348,0.000,"Moved to (0.000, 0.000)"
2026-09-23T13:39:43,20,P2,380.0,0.0,200,5.501,True,0.380,0.000,"Moved to (380.000, 0.000)"
2026-09-23T13:39:48,20,P3,380.0,570.0,200,5.583,True,0.570,0.000,"Moved to (380.000, 570.000)"
2026-09-23T13:39:54,20,P4,0.0,570.0,200,5.515,True,0.380,0.000,"Moved to (0.000, 570.000)"
2026-09-23T13:39:59,20,P5,200.0,285.0,200,4.821,True,0.348,0.000,"Moved to (200.000, 285.000)"
2026-09-23T14:17:50,1,P1,0.0,0.0,200,3.513,True,0.000,0.000,"Moved to (0.000, 0.000)"
2026-09-23T14:17:55,1,P2,380.0,0.0,200,5.535,True,0.380,0.000,"Moved to (380.000, 0.000)"
2026-09-23T14:18:01,1,P3,380.0,570.0,200,5.365,True,0.570,0.000,"Moved to (380.000, 570.000)"
2026-09-23T14:18:06,1,P4,0.0,570.0,200,5.518,True,0.380,0.000,"Moved to (0.000, 570.000)"
2026-09-23T14:18:11,1,P5,200.0,285.0,200,4.882,True,0.348,0.000,"Moved to (200.000, 285.000)"
2026-09-23T14:18:16,2,P1,0.0,0.0,200,4.832,True,0.348,0.000,"Moved to (0.000, 0.000)"
2026-09-23T14:18:22,2,P2,380.0,0.0,200,5.579,True,0.380,0.000,"Moved to (380.000, 0.000)"
2026-09-23T14:18:27,2,P3,380.0,570.0,200,5.548,True,0.570,0.000,"Moved to (380.000, 570.000)"
2026-09-23T14:18:33,2,P4,0.0,570.0,200,5.536,True,0.380,0.000,"Moved to (0.000, 570.000)"
2026-09-23T14:18:38,2,P5,200.0,285.0,200,4.870,True,0.348,0.000,"Moved to (200.000, 285.000)"
2026-09-23T14:18:42,3,P1,0.0,0.0,200,4.874,True,0.348,0.000,"Moved to (0.000, 0.000)"
2026-09-23T14:18:48,3,P2,380.0,0.0,200,5.555,True,0.380,0.000,"Moved to (380.000, 0.000)"
2026-09-23T14:18:53,3,P3,380.0,570.0,200,5.438,True,0.570,0.000,"Moved to (380.000, 570.000)"
2026-09-23T14:18:59,3,P4,0.0,570.0,200,5.573,True,0.380,0.000,"Moved to (0.000, 570.000)"
2026-09-23T14:19:04,3,P5,200.0,285.0,200,4.713,True,0.348,0.000,"Moved to (200.000, 285.000)"
2026-09-23T14:19:09,4,P1,0.0,0.0,200,4.820,True,0.348,0.000,"Moved to (0.000, 0.000)"
2026-09-23T14:19:14,4,P2,380.0,0.0,200,5.563,True,0.380,0.000,"Moved to (380.000, 0.000)"
2026-09-23T14:19:20,4,P3,380.0,570.0,200,5.568,True,0.570,0.000,"Moved to (380.000, 570.000)"
2026-09-23T14:19:25,4,P4,0.0,570.0,200,5.504,True,0.380,0.000,"Moved to (0.000, 570.000)"
2026-09-23T14:19:31,4,P5,200.0,285.0,200,5.615,True,0.348,0.000,"Moved to (200.000, 285.000)"
2026-09-23T14:19:36,5,P1,0.0,0.0,200,4.861,True,0.348,0.000,"Moved to (0.000, 0.000)"
2026-09-23T14:19:41,5,P2,380.0,0.0,200,5.533,True,0.380,0.000,"Moved to (380.000, 0.000)"
2026-09-23T14:19:47,5,P3,380.0,570.0,200,5.381,True,0.570,0.000,"Moved to (380.000, 570.000)"
2026-09-23T14:19:52,5,P4,0.0,570.0,200,5.534,True,0.380,0.000,"Moved to (0.000, 570.000)"
2026-09-23T14:19:57,5,P5,200.0,285.0,200,4.832,True,0.348,0.000,"Moved to (200.000, 285.000)"
2026-09-23T14:20:02,6,P1,0.0,0.0,200,4.832,True,0.348,0.000,"Moved to (0.000, 0.000)"
2026-09-23T14:20:07,6,P2,380.0,0.0,200,5.568,True,0.380,0.000,"Moved to (380.000, 0.000)"
2026-09-23T14:20:13,6,P3,380.0,570.0,200,5.420,True,0.570,0.000,"Moved to (380.000, 570.000)"
2026-09-23T14:20:18,6,P4,0.0,570.0,200,5.579,True,0.380,0.000,"Moved to (0.000, 570.000)"
2026-09-23T14:20:24,6,P5,200.0,285.0,200,5.566,True,0.348,0.000,"Moved to (200.000, 285.000)"
2026-09-23T14:20:29,7,P1,0.0,0.0,200,4.794,True,0.348,0.000,"Moved to (0.000, 0.000)"
2026-09-23T14:20:34,7,P2,380.0,0.0,200,5.535,True,0.380,0.000,"Moved to (380.000, 0.000)"
2026-09-23T14:20:40,7,P3,380.0,570.0,200,5.433,True,0.570,0.000,"Moved to (380.000, 570.000)"
2026-09-23T14:20:45,7,P4,0.0,570.0,200,5.518,True,0.380,0.000,"Moved to (0.000, 570.000)"
2026-09-23T14:20:50,7,P5,200.0,285.0,200,4.799,True,0.348,0.000,"Moved to (200.000, 285.000)"
2026-09-23T14:20:56,8,P1,0.0,0.0,200,5.532,True,0.348,0.000,"Moved to (0.000, 0.000)"
2026-09-23T14:21:01,8,P2,380.0,0.0,200,5.547,True,0.380,0.000,"Moved to (380.000, 0.000)"
2026-09-23T14:21:07,8,P3,380.0,570.0,200,5.415,True,0.570,0.000,"Moved to (380.000, 570.000)"
2026-09-23T14:21:12,8,P4,0.0,570.0,200,5.566,True,0.380,0.000,"Moved to (0.000, 570.000)"
2026-09-23T14:21:18,8,P5,200.0,285.0,200,5.585,True,0.348,0.000,"Moved to (200.000, 285.000)"
2026-09-23T14:21:23,9,P1,0.0,0.0,200,5.500,True,0.348,0.000,"Moved to (0.000, 0.000)"
2026-09-23T14:21:29,9,P2,380.0,0.0,200,5.578,True,0.380,0.000,"Moved to (380.000, 0.000)"
2026-09-23T14:21:34,9,P3,380.0,570.0,200,5.351,True,0.570,0.000,"Moved to (380.000, 570.000)"
2026-09-23T14:21:40,9,P4,0.0,570.0,200,5.631,True,0.380,0.000,"Moved to (0.000, 570.000)"
2026-09-23T14:21:45,9,P5,200.0,285.0,200,4.923,True,0.348,0.000,"Moved to (200.000, 285.000)"
2026-09-23T14:21:50,10,P1,0.0,0.0,200,4.843,True,0.348,0.000,"Moved to (0.000, 0.000)"
2026-09-23T14:21:55,10,P2,380.0,0.0,200,5.550,True,0.380,0.000,"Moved to (380.000, 0.000)"
2026-09-23T14:22:00,10,P3,380.0,570.0,200,5.381,True,0.570,0.000,"Moved to (380.000, 570.000)"
2026-09-23T14:22:06,10,P4,0.0,570.0,200,5.534,True,0.380,0.000,"Moved to (0.000, 570.000)"
2026-09-23T14:22:11,10,P5,200.0,285.0,200,4.787,True,0.348,0.000,"Moved to (200.000, 285.000)"
2026-09-23T14:22:16,11,P1,0.0,0.0,200,4.846,True,0.348,0.000,"Moved to (0.000, 0.000)"
2026-09-23T14:22:21,11,P2,380.0,0.0,200,5.583,True,0.380,0.000,"Moved to (380.000, 0.000)"
2026-09-23T14:22:27,11,P3,380.0,570.0,200,5.346,True,0.570,0.000,"Moved to (380.000, 570.000)"
2026-09-23T14:22:32,11,P4,0.0,570.0,200,5.535,True,0.380,0.000,"Moved to (0.000, 570.000)"
2026-09-23T14:22:37,11,P5,200.0,285.0,200,4.846,True,0.348,0.000,"Moved to (200.000, 285.000)"
2026-09-23T14:22:42,12,P1,0.0,0.0,200,4.816,True,0.348,0.000,"Moved to (0.000, 0.000)"
2026-09-23T14:22:47,12,P2,380.0,0.0,200,5.534,True,0.380,0.000,"Moved to (380.000, 0.000)"
2026-09-23T14:22:53,12,P3,380.0,570.0,200,5.416,True,0.570,0.000,"Moved to (380.000, 570.000)"
2026-09-23T14:22:58,12,P4,0.0,570.0,200,5.585,True,0.380,0.000,"Moved to (0.000, 570.000)"
2026-09-23T14:23:03,12,P5,200.0,285.0,200,4.850,True,0.348,0.000,"Moved to (200.000, 285.000)"
2026-09-23T14:23:08,13,P1,0.0,0.0,200,4.829,True,0.348,0.000,"Moved to (0.000, 0.000)"
2026-09-23T14:23:14,13,P2,380.0,0.0,200,5.551,True,0.380,0.000,"Moved to (380.000, 0.000)"
2026-09-23T14:23:19,13,P3,380.0,570.0,200,5.463,True,0.570,0.000,"Moved to (380.000, 570.000)"
2026-09-23T14:23:25,13,P4,0.0,570.0,200,5.537,True,0.380,0.000,"Moved to (0.000, 570.000)"
2026-09-23T14:23:29,13,P5,200.0,285.0,200,4.850,True,0.348,0.000,"Moved to (200.000, 285.000)"
2026-09-23T14:23:35,14,P1,0.0,0.0,200,5.533,True,0.348,0.000,"Moved to (0.000, 0.000)"
2026-09-23T14:23:40,14,P2,380.0,0.0,200,5.472,True,0.380,0.000,"Moved to (380.000, 0.000)"
2026-09-23T14:23:46,14,P3,380.0,570.0,200,5.363,True,0.570,0.000,"Moved to (380.000, 570.000)"
2026-09-23T14:23:51,14,P4,0.0,570.0,200,5.507,True,0.380,0.000,"Moved to (0.000, 570.000)"
2026-09-23T14:23:56,14,P5,200.0,285.0,200,4.748,True,0.348,0.000,"Moved to (200.000, 285.000)"
2026-09-23T14:24:01,15,P1,0.0,0.0,200,4.789,True,0.348,0.000,"Moved to (0.000, 0.000)"
2026-09-23T14:24:06,15,P2,380.0,0.0,200,5.512,True,0.380,0.000,"Moved to (380.000, 0.000)"
2026-09-23T14:24:12,15,P3,380.0,570.0,200,5.481,True,0.570,0.000,"Moved to (380.000, 570.000)"
2026-09-23T14:24:17,15,P4,0.0,570.0,200,5.599,True,0.380,0.000,"Moved to (0.000, 570.000)"
2026-09-23T14:24:23,15,P5,200.0,285.0,200,5.532,True,0.348,0.000,"Moved to (200.000, 285.000)"
2026-09-23T14:24:28,16,P1,0.0,0.0,200,4.853,True,0.348,0.000,"Moved to (0.000, 0.000)"
2026-09-23T14:24:33,16,P2,380.0,0.0,200,5.634,True,0.380,0.000,"Moved to (380.000, 0.000)"
2026-09-23T14:24:39,16,P3,380.0,570.0,200,5.353,True,0.570,0.000,"Moved to (380.000, 570.000)"
2026-09-23T14:24:44,16,P4,0.0,570.0,200,5.475,True,0.380,0.000,"Moved to (0.000, 570.000)"
2026-09-23T14:24:49,16,P5,200.0,285.0,200,4.817,True,0.348,0.000,"Moved to (200.000, 285.000)"
2026-09-23T14:24:54,17,P1,0.0,0.0,200,4.830,True,0.348,0.000,"Moved to (0.000, 0.000)"
2026-09-23T14:24:59,17,P2,380.0,0.0,200,5.523,True,0.380,0.000,"Moved to (380.000, 0.000)"
2026-09-23T14:25:05,17,P3,380.0,570.0,200,5.361,True,0.570,0.000,"Moved to (380.000, 570.000)"
2026-09-23T14:25:10,17,P4,0.0,570.0,200,5.486,True,0.380,0.000,"Moved to (0.000, 570.000)"
2026-09-23T14:25:15,17,P5,200.0,285.0,200,4.817,True,0.348,0.000,"Moved to (200.000, 285.000)"
2026-09-23T14:25:21,18,P1,0.0,0.0,200,5.528,True,0.348,0.000,"Moved to (0.000, 0.000)"
2026-09-23T14:25:26,18,P2,380.0,0.0,200,5.596,True,0.380,0.000,"Moved to (380.000, 0.000)"
2026-09-23T14:25:32,18,P3,380.0,570.0,200,5.439,True,0.570,0.000,"Moved to (380.000, 570.000)"
2026-09-23T14:25:37,18,P4,0.0,570.0,200,5.512,True,0.380,0.000,"Moved to (0.000, 570.000)"
2026-09-23T14:25:42,18,P5,200.0,285.0,200,4.882,True,0.348,0.000,"Moved to (200.000, 285.000)"
2026-09-23T14:25:47,19,P1,0.0,0.0,200,4.822,True,0.348,0.000,"Moved to (0.000, 0.000)"
2026-09-23T14:25:52,19,P2,380.0,0.0,200,5.557,True,0.380,0.000,"Moved to (380.000, 0.000)"
2026-09-23T14:25:58,19,P3,380.0,570.0,200,5.339,True,0.570,0.000,"Moved to (380.000, 570.000)"
2026-09-23T14:26:03,19,P4,0.0,570.0,200,5.577,True,0.380,0.000,"Moved to (0.000, 570.000)"
2026-09-23T14:26:08,19,P5,200.0,285.0,200,4.871,True,0.348,0.000,"Moved to (200.000, 285.000)"
2026-09-23T14:26:13,20,P1,0.0,0.0,200,4.893,True,0.348,0.000,"Moved to (0.000, 0.000)"
2026-09-23T14:26:19,20,P2,380.0,0.0,200,5.587,True,0.380,0.000,"Moved to (380.000, 0.000)"
2026-09-23T14:26:24,20,P3,380.0,570.0,200,5.446,True,0.570,0.000,"Moved to (380.000, 570.000)"
2026-09-23T14:26:30,20,P4,0.0,570.0,200,5.539,True,0.380,0.000,"Moved to (0.000, 570.000)"
2026-09-23T14:26:34,20,P5,200.0,285.0,200,4.785,True,0.348,0.000,"Moved to (200.000, 285.000)"
2026-09-23T17:24:38,1,P1,0.0,0.0,200,4.826,True,0.000,0.000,"Moved to (0.000, 0.000)"
2026-09-23T17:24:44,1,P2,380.0,0.0,200,5.480,True,0.380,0.000,"Moved to (380.000, 0.000)"
2026-09-23T17:24:49,1,P3,380.0,570.0,200,5.400,True,0.570,0.000,"Moved to (380.000, 570.000)"
2026-09-23T17:24:55,1,P4,0.0,570.0,200,5.447,True,0.380,0.000,"Moved to (0.000, 570.000)"
2026-09-23T17:25:00,1,P5,200.0,285.0,200,5.536,True,0.348,0.000,"Moved to (200.000, 285.000)"
2026-09-23T17:25:05,2,P1,0.0,0.0,200,4.800,True,0.348,0.000,"Moved to (0.000, 0.000)"
2026-09-23T17:25:10,2,P2,380.0,0.0,200,5.483,True,0.380,0.000,"Moved to (380.000, 0.000)"
2026-09-23T17:25:16,2,P3,380.0,570.0,200,5.334,True,0.570,0.000,"Moved to (380.000, 570.000)"
2026-09-23T17:25:21,2,P4,0.0,570.0,200,5.478,True,0.380,0.000,"Moved to (0.000, 570.000)"
2026-09-23T17:25:27,2,P5,200.0,285.0,200,5.484,True,0.348,0.000,"Moved to (200.000, 285.000)"
2026-09-23T17:30:11,1,P1,0.0,0.0,200,3.575,True,0.000,0.000,"Moved to (0.000, 0.000)"
2026-09-23T17:30:16,1,P2,380.0,0.0,200,5.577,True,0.380,0.000,"Moved to (380.000, 0.000)"
2026-09-23T17:30:22,1,P3,380.0,570.0,200,5.584,True,0.570,0.000,"Moved to (380.000, 570.000)"
2026-09-23T17:30:27,1,P4,0.0,570.0,200,5.499,True,0.380,0.000,"Moved to (0.000, 570.000)"
2026-09-23T17:30:32,1,P5,200.0,285.0,200,4.831,True,0.348,0.000,"Moved to (200.000, 285.000)"
2026-09-23T17:30:38,2,P1,0.0,0.0,200,5.515,True,0.348,0.000,"Moved to (0.000, 0.000)"
2026-09-23T17:30:43,2,P2,380.0,0.0,200,5.635,True,0.380,0.000,"Moved to (380.000, 0.000)"
2026-09-23T17:30:49,2,P3,380.0,570.0,200,5.449,True,0.570,0.000,"Moved to (380.000, 570.000)"
2026-09-23T17:30:54,2,P4,0.0,570.0,200,5.531,True,0.380,0.000,"Moved to (0.000, 570.000)"
2026-09-23T17:31:00,2,P5,200.0,285.0,200,5.568,True,0.348,0.000,"Moved to (200.000, 285.000)"
2026-09-23T17:31:05,3,P1,0.0,0.0,200,4.899,True,0.348,0.000,"Moved to (0.000, 0.000)"
2026-09-23T17:31:10,3,P2,380.0,0.0,200,5.560,True,0.380,0.000,"Moved to (380.000, 0.000)"
2026-09-23T17:31:16,3,P3,380.0,570.0,200,5.389,True,0.570,0.000,"Moved to (380.000, 570.000)"
2026-09-23T17:31:21,3,P4,0.0,570.0,200,5.562,True,0.380,0.000,"Moved to (0.000, 570.000)"
2026-09-23T17:31:26,3,P5,200.0,285.0,200,4.785,True,0.348,0.000,"Moved to (200.000, 285.000)"
2026-09-23T17:31:31,4,P1,0.0,0.0,200,4.813,True,0.348,0.000,"Moved to (0.000, 0.000)"
2026-09-23T17:31:36,4,P2,380.0,0.0,200,5.619,True,0.380,0.000,"Moved to (380.000, 0.000)"
2026-09-23T17:31:42,4,P3,380.0,570.0,200,5.432,True,0.570,0.000,"Moved to (380.000, 570.000)"
2026-09-23T17:31:47,4,P4,0.0,570.0,200,5.552,True,0.380,0.000,"Moved to (0.000, 570.000)"
2026-09-23T17:31:52,4,P5,200.0,285.0,200,4.826,True,0.348,0.000,"Moved to (200.000, 285.000)"
2026-09-23T17:31:57,5,P1,0.0,0.0,200,4.918,True,0.348,0.000,"Moved to (0.000, 0.000)"
2026-09-23T17:32:03,5,P2,380.0,0.0,200,5.567,True,0.380,0.000,"Moved to (380.000, 0.000)"
2026-09-23T17:32:08,5,P3,380.0,570.0,200,5.567,True,0.570,0.000,"Moved to (380.000, 570.000)"
2026-09-23T17:32:14,5,P4,0.0,570.0,200,5.631,True,0.380,0.000,"Moved to (0.000, 570.000)"
2026-09-23T17:32:20,5,P5,200.0,285.0,200,5.566,True,0.348,0.000,"Moved to (200.000, 285.000)"
2026-09-23T17:32:25,6,P1,0.0,0.0,200,5.514,True,0.348,0.000,"Moved to (0.000, 0.000)"
2026-09-23T17:32:31,6,P2,380.0,0.0,200,5.532,True,0.380,0.000,"Moved to (380.000, 0.000)"
2026-09-23T17:32:36,6,P3,380.0,570.0,200,5.400,True,0.570,0.000,"Moved to (380.000, 570.000)"
2026-09-23T17:32:42,6,P4,0.0,570.0,200,5.513,True,0.380,0.000,"Moved to (0.000, 570.000)"
2026-09-23T17:32:47,6,P5,200.0,285.0,200,5.501,True,0.348,0.000,"Moved to (200.000, 285.000)"
2026-09-23T17:32:52,7,P1,0.0,0.0,200,5.484,True,0.348,0.000,"Moved to (0.000, 0.000)"
2026-09-23T17:32:58,7,P2,380.0,0.0,200,5.617,True,0.380,0.000,"Moved to (380.000, 0.000)"
2026-09-23T17:33:04,7,P3,380.0,570.0,200,5.599,True,0.570,0.000,"Moved to (380.000, 570.000)"
2026-09-23T17:33:09,7,P4,0.0,570.0,200,5.564,True,0.380,0.000,"Moved to (0.000, 570.000)"
2026-09-23T17:33:15,7,P5,200.0,285.0,200,5.600,True,0.348,0.000,"Moved to (200.000, 285.000)"
2026-09-23T17:33:20,8,P1,0.0,0.0,200,4.830,True,0.348,0.000,"Moved to (0.000, 0.000)"
2026-09-23T17:33:25,8,P2,380.0,0.0,200,5.517,True,0.380,0.000,"Moved to (380.000, 0.000)"
2026-09-23T17:33:31,8,P3,380.0,570.0,200,5.515,True,0.570,0.000,"Moved to (380.000, 570.000)"
2026-09-23T17:33:36,8,P4,0.0,570.0,200,5.524,True,0.380,0.000,"Moved to (0.000, 570.000)"
2026-09-23T17:33:42,8,P5,200.0,285.0,200,5.580,True,0.348,0.000,"Moved to (200.000, 285.000)"
2026-09-23T17:33:47,9,P1,0.0,0.0,200,5.598,True,0.348,0.000,"Moved to (0.000, 0.000)"
2026-09-23T17:33:53,9,P2,380.0,0.0,200,5.469,True,0.380,0.000,"Moved to (380.000, 0.000)"
2026-09-23T17:33:58,9,P3,380.0,570.0,200,5.384,True,0.570,0.000,"Moved to (380.000, 570.000)"
2026-09-23T17:34:04,9,P4,0.0,570.0,200,5.576,True,0.380,0.000,"Moved to (0.000, 570.000)"
2026-09-23T17:34:09,9,P5,200.0,285.0,200,4.897,True,0.348,0.000,"Moved to (200.000, 285.000)"
2026-09-23T17:34:14,10,P1,0.0,0.0,200,5.540,True,0.348,0.000,"Moved to (0.000, 0.000)"
2026-09-23T17:34:20,10,P2,380.0,0.0,200,5.538,True,0.380,0.000,"Moved to (380.000, 0.000)"
2026-09-23T17:34:46,1,P1,0.0,0.0,200,5.338,True,0.000,0.000,"Moved to (0.000, 0.000)"
2026-09-23T17:34:51,1,P2,380.0,0.0,200,5.487,True,0.380,0.000,"Moved to (380.000, 0.000)"
2026-09-23T17:34:57,1,P3,380.0,570.0,200,5.477,True,0.570,0.000,"Moved to (380.000, 570.000)"
2026-09-23T17:35:02,1,P4,0.0,570.0,200,5.559,True,0.380,0.000,"Moved to (0.000, 570.000)"
2026-09-23T17:35:08,2,P1,0.0,0.0,200,5.396,True,0.570,0.000,"Moved to (0.000, 0.000)"
2026-09-23T17:35:13,2,P2,380.0,0.0,200,5.547,True,0.380,0.000,"Moved to (380.000, 0.000)"
2026-09-23T17:35:19,2,P3,380.0,570.0,200,5.408,True,0.570,0.000,"Moved to (380.000, 570.000)"
2026-09-23T17:35:24,2,P4,0.0,570.0,200,5.544,True,0.380,0.000,"Moved to (0.000, 570.000)"
2026-09-23T17:35:30,3,P1,0.0,0.0,200,5.386,True,0.570,0.000,"Moved to (0.000, 0.000)"
2026-09-23T17:35:35,3,P2,380.0,0.0,200,5.567,True,0.380,0.000,"Moved to (380.000, 0.000)"
2026-09-23T17:35:41,3,P3,380.0,570.0,200,5.380,True,0.570,0.000,"Moved to (380.000, 570.000)"
2026-09-23T17:35:46,3,P4,0.0,570.0,200,5.567,True,0.380,0.000,"Moved to (0.000, 570.000)"
2026-09-23T17:35:51,4,P1,0.0,0.0,200,5.397,True,0.570,0.000,"Moved to (0.000, 0.000)"
2026-09-23T17:35:57,4,P2,380.0,0.0,200,5.487,True,0.380,0.000,"Moved to (380.000, 0.000)"
2026-09-23T17:36:03,4,P3,380.0,570.0,200,5.557,True,0.570,0.000,"Moved to (380.000, 570.000)"
2026-09-23T17:36:08,4,P4,0.0,570.0,200,5.519,True,0.380,0.000,"Moved to (0.000, 570.000)"
2026-09-23T17:36:13,5,P1,0.0,0.0,200,5.389,True,0.570,0.000,"Moved to (0.000, 0.000)"
2026-09-23T17:36:19,5,P2,380.0,0.0,200,5.561,True,0.380,0.000,"Moved to (380.000, 0.000)"
2026-09-23T17:36:25,5,P3,380.0,570.0,200,5.579,True,0.570,0.000,"Moved to (380.000, 570.000)"
2026-09-23T17:36:30,5,P4,0.0,570.0,200,5.461,True,0.380,0.000,"Moved to (0.000, 570.000)"
2026-09-23T17:36:35,6,P1,0.0,0.0,200,5.408,True,0.570,0.000,"Moved to (0.000, 0.000)"
2026-09-23T17:36:41,6,P2,380.0,0.0,200,5.554,True,0.380,0.000,"Moved to (380.000, 0.000)"
2026-09-23T17:36:46,6,P3,380.0,570.0,200,5.409,True,0.570,0.000,"Moved to (380.000, 570.000)"
2026-09-23T17:36:52,6,P4,0.0,570.0,200,5.567,True,0.380,0.000,"Moved to (0.000, 570.000)"
2026-09-23T17:36:57,7,P1,0.0,0.0,200,5.452,True,0.570,0.000,"Moved to (0.000, 0.000)"
2026-09-23T17:37:03,7,P2,380.0,0.0,200,5.541,True,0.380,0.000,"Moved to (380.000, 0.000)"
2026-09-23T17:37:08,7,P3,380.0,570.0,200,5.470,True,0.570,0.000,"Moved to (380.000, 570.000)"
2026-09-23T17:37:14,7,P4,0.0,570.0,200,5.467,True,0.380,0.000,"Moved to (0.000, 570.000)"
2026-09-23T17:37:19,8,P1,0.0,0.0,200,5.385,True,0.570,0.000,"Moved to (0.000, 0.000)"
2026-09-23T17:37:25,8,P2,380.0,0.0,200,5.491,True,0.380,0.000,"Moved to (380.000, 0.000)"
2026-09-23T17:37:30,8,P3,380.0,570.0,200,5.534,True,0.570,0.000,"Moved to (380.000, 570.000)"
2026-09-23T17:37:36,8,P4,0.0,570.0,200,5.544,True,0.380,0.000,"Moved to (0.000, 570.000)"
2026-09-23T17:37:41,9,P1,0.0,0.0,200,5.497,True,0.570,0.000,"Moved to (0.000, 0.000)"
2026-09-23T17:37:47,9,P2,380.0,0.0,200,5.596,True,0.380,0.000,"Moved to (380.000, 0.000)"
2026-09-23T17:37:52,9,P3,380.0,570.0,200,5.397,True,0.570,0.000,"Moved to (380.000, 570.000)"
2026-09-23T17:37:58,9,P4,0.0,570.0,200,5.610,True,0.380,0.000,"Moved to (0.000, 570.000)"
2026-09-23T17:38:03,10,P1,0.0,0.0,200,5.484,True,0.570,0.000,"Moved to (0.000, 0.000)"
2026-09-23T17:38:09,10,P2,380.0,0.0,200,5.546,True,0.380,0.000,"Moved to (380.000, 0.000)"
2026-09-23T17:38:14,10,P3,380.0,570.0,200,5.452,True,0.570,0.000,"Moved to (380.000, 570.000)"
2026-09-23T17:38:20,10,P4,0.0,570.0,200,5.601,True,0.380,0.000,"Moved to (0.000, 570.000)"
2026-09-23T17:38:25,11,P1,0.0,0.0,200,5.405,True,0.570,0.000,"Moved to (0.000, 0.000)"
2026-09-23T17:38:31,11,P2,380.0,0.0,200,5.576,True,0.380,0.000,"Moved to (380.000, 0.000)"
2026-09-23T17:38:36,11,P3,380.0,570.0,200,5.433,True,0.570,0.000,"Moved to (380.000, 570.000)"
2026-09-23T17:38:42,11,P4,0.0,570.0,200,5.567,True,0.380,0.000,"Moved to (0.000, 570.000)"
2026-09-23T17:38:47,12,P1,0.0,0.0,200,5.398,True,0.570,0.000,"Moved to (0.000, 0.000)"
2026-09-23T17:38:53,12,P2,380.0,0.0,200,5.706,True,0.380,0.000,"Moved to (380.000, 0.000)"
2026-09-23T17:38:59,12,P3,380.0,570.0,200,5.418,True,0.570,0.000,"Moved to (380.000, 570.000)"
2026-09-23T17:39:04,12,P4,0.0,570.0,200,5.451,True,0.380,0.000,"Moved to (0.000, 570.000)"
2026-09-23T17:39:10,13,P1,0.0,0.0,200,5.538,True,0.570,0.000,"Moved to (0.000, 0.000)"
2026-09-23T17:39:15,13,P2,380.0,0.0,200,5.682,True,0.380,0.000,"Moved to (380.000, 0.000)"
2026-09-23T17:39:21,13,P3,380.0,570.0,200,5.420,True,0.570,0.000,"Moved to (380.000, 570.000)"
2026-09-23T17:39:26,13,P4,0.0,570.0,200,5.510,True,0.380,0.000,"Moved to (0.000, 570.000)"
2026-09-23T17:39:32,14,P1,0.0,0.0,200,5.480,True,0.570,0.000,"Moved to (0.000, 0.000)"
2026-09-23T17:39:37,14,P2,380.0,0.0,200,5.581,True,0.380,0.000,"Moved to (380.000, 0.000)"
2026-09-23T17:39:43,14,P3,380.0,570.0,200,5.587,True,0.570,0.000,"Moved to (380.000, 570.000)"
2026-09-23T17:39:48,14,P4,0.0,570.0,200,5.538,True,0.380,0.000,"Moved to (0.000, 570.000)"
2026-09-23T17:39:54,15,P1,0.0,0.0,200,5.444,True,0.570,0.000,"Moved to (0.000, 0.000)"
2026-09-23T17:39:59,15,P2,380.0,0.0,200,5.640,True,0.380,0.000,"Moved to (380.000, 0.000)"
2026-09-23T17:40:05,15,P3,380.0,570.0,200,5.380,True,0.570,0.000,"Moved to (380.000, 570.000)"
2026-09-23T17:40:10,15,P4,0.0,570.0,200,5.632,True,0.380,0.000,"Moved to (0.000, 570.000)"
2026-09-23T17:40:16,16,P1,0.0,0.0,200,5.460,True,0.570,0.000,"Moved to (0.000, 0.000)"
2026-09-23T17:40:21,16,P2,380.0,0.0,200,5.547,True,0.380,0.000,"Moved to (380.000, 0.000)"
2026-09-23T17:40:27,16,P3,380.0,570.0,200,5.422,True,0.570,0.000,"Moved to (380.000, 570.000)"
2026-09-23T17:40:32,16,P4,0.0,570.0,200,5.577,True,0.380,0.000,"Moved to (0.000, 570.000)"
2026-09-23T17:40:38,17,P1,0.0,0.0,200,5.403,True,0.570,0.000,"Moved to (0.000, 0.000)"
2026-09-23T17:40:43,17,P2,380.0,0.0,200,5.520,True,0.380,0.000,"Moved to (380.000, 0.000)"
2026-09-23T17:40:49,17,P3,380.0,570.0,200,5.401,True,0.570,0.000,"Moved to (380.000, 570.000)"
2026-09-23T17:40:54,17,P4,0.0,570.0,200,5.550,True,0.380,0.000,"Moved to (0.000, 570.000)"
2026-09-23T17:41:00,18,P1,0.0,0.0,200,5.473,True,0.570,0.000,"Moved to (0.000, 0.000)"
2026-09-23T17:41:05,18,P2,380.0,0.0,200,5.610,True,0.380,0.000,"Moved to (380.000, 0.000)"
2026-09-23T17:41:11,18,P3,380.0,570.0,200,5.515,True,0.570,0.000,"Moved to (380.000, 570.000)"
2026-09-23T17:41:17,18,P4,0.0,570.0,200,5.721,True,0.380,0.000,"Moved to (0.000, 570.000)"
2026-09-23T17:41:22,19,P1,0.0,0.0,200,5.513,True,0.570,0.000,"Moved to (0.000, 0.000)"
2026-09-23T17:41:28,19,P2,380.0,0.0,200,5.637,True,0.380,0.000,"Moved to (380.000, 0.000)"
2026-09-23T17:41:33,19,P3,380.0,570.0,200,5.497,True,0.570,0.000,"Moved to (380.000, 570.000)"
2026-09-23T17:41:39,19,P4,0.0,570.0,200,5.569,True,0.380,0.000,"Moved to (0.000, 570.000)"
2026-09-23T17:41:44,20,P1,0.0,0.0,200,5.391,True,0.570,0.000,"Moved to (0.000, 0.000)"
2026-09-23T17:41:50,20,P2,380.0,0.0,200,5.586,True,0.380,0.000,"Moved to (380.000, 0.000)"
2026-09-23T17:41:55,20,P3,380.0,570.0,200,5.397,True,0.570,0.000,"Moved to (380.000, 570.000)"
2026-09-23T17:42:01,20,P4,0.0,570.0,200,5.550,True,0.380,0.000,"Moved to (0.000, 570.000)"
2026-09-23T17:42:06,21,P1,0.0,0.0,200,5.472,True,0.570,0.000,"Moved to (0.000, 0.000)"
2026-09-23T17:42:12,21,P2,380.0,0.0,200,5.508,True,0.380,0.000,"Moved to (380.000, 0.000)"
2026-09-23T17:42:17,21,P3,380.0,570.0,200,5.572,True,0.570,0.000,"Moved to (380.000, 570.000)"
2026-09-23T17:42:23,21,P4,0.0,570.0,200,5.540,True,0.380,0.000,"Moved to (0.000, 570.000)"
2026-09-23T17:42:28,22,P1,0.0,0.0,200,5.324,True,0.570,0.000,"Moved to (0.000, 0.000)"
2026-09-23T17:42:34,22,P2,380.0,0.0,200,5.549,True,0.380,0.000,"Moved to (380.000, 0.000)"
2026-09-23T17:42:39,22,P3,380.0,570.0,200,5.453,True,0.570,0.000,"Moved to (380.000, 570.000)"
2026-09-23T17:42:45,22,P4,0.0,570.0,200,5.560,True,0.380,0.000,"Moved to (0.000, 570.000)"
2026-09-23T17:42:50,23,P1,0.0,0.0,200,5.403,True,0.570,0.000,"Moved to (0.000, 0.000)"
2026-09-23T17:42:56,23,P2,380.0,0.0,200,5.579,True,0.380,0.000,"Moved to (380.000, 0.000)"
2026-09-23T17:43:01,23,P3,380.0,570.0,200,5.485,True,0.570,0.000,"Moved to (380.000, 570.000)"
2026-09-23T17:43:07,23,P4,0.0,570.0,200,5.553,True,0.380,0.000,"Moved to (0.000, 570.000)"
2026-09-23T17:43:12,24,P1,0.0,0.0,200,5.369,True,0.570,0.000,"Moved to (0.000, 0.000)"
2026-09-23T17:43:18,24,P2,380.0,0.0,200,5.530,True,0.380,0.000,"Moved to (380.000, 0.000)"
2026-09-23T17:43:23,24,P3,380.0,570.0,200,5.445,True,0.570,0.000,"Moved to (380.000, 570.000)"
2026-09-23T17:43:29,24,P4,0.0,570.0,200,5.537,True,0.380,0.000,"Moved to (0.000, 570.000)"
2026-09-23T17:43:34,25,P1,0.0,0.0,200,5.413,True,0.570,0.000,"Moved to (0.000, 0.000)"
2026-09-23T17:43:40,25,P2,380.0,0.0,200,5.566,True,0.380,0.000,"Moved to (380.000, 0.000)"
2026-09-23T17:43:45,25,P3,380.0,570.0,200,5.334,True,0.570,0.000,"Moved to (380.000, 570.000)"
2026-09-23T17:43:51,25,P4,0.0,570.0,200,5.517,True,0.380,0.000,"Moved to (0.000, 570.000)"
2026-09-23T17:43:56,26,P1,0.0,0.0,200,5.452,True,0.570,0.000,"Moved to (0.000, 0.000)"
2026-09-23T17:44:02,26,P2,380.0,0.0,200,5.542,True,0.380,0.000,"Moved to (380.000, 0.000)"
2026-09-23T17:44:07,26,P3,380.0,570.0,200,5.455,True,0.570,0.000,"Moved to (380.000, 570.000)"
2026-09-23T17:44:12,26,P4,0.0,570.0,200,5.493,True,0.380,0.000,"Moved to (0.000, 570.000)"
2026-09-23T17:44:18,27,P1,0.0,0.0,200,5.400,True,0.570,0.000,"Moved to (0.000, 0.000)"
2026-09-23T17:44:23,27,P2,380.0,0.0,200,5.562,True,0.380,0.000,"Moved to (380.000, 0.000)"
2026-09-23T17:44:29,27,P3,380.0,570.0,200,5.520,True,0.570,0.000,"Moved to (380.000, 570.000)"
2026-09-23T17:44:35,27,P4,0.0,570.0,200,5.546,True,0.380,0.000,"Moved to (0.000, 570.000)"
2026-09-23T17:44:40,28,P1,0.0,0.0,200,5.387,True,0.570,0.000,"Moved to (0.000, 0.000)"
2026-09-23T17:44:45,28,P2,380.0,0.0,200,5.563,True,0.380,0.000,"Moved to (380.000, 0.000)"
2026-09-23T17:44:51,28,P3,380.0,570.0,200,5.382,True,0.570,0.000,"Moved to (380.000, 570.000)"
2026-09-23T17:44:56,28,P4,0.0,570.0,200,5.520,True,0.380,0.000,"Moved to (0.000, 570.000)"
2026-09-23T17:45:02,29,P1,0.0,0.0,200,5.461,True,0.570,0.000,"Moved to (0.000, 0.000)"
2026-09-23T17:45:07,29,P2,380.0,0.0,200,5.542,True,0.380,0.000,"Moved to (380.000, 0.000)"
2026-09-23T17:45:13,29,P3,380.0,570.0,200,5.428,True,0.570,0.000,"Moved to (380.000, 570.000)"
2026-09-23T17:45:18,29,P4,0.0,570.0,200,5.572,True,0.380,0.000,"Moved to (0.000, 570.000)"
2026-09-23T17:45:24,30,P1,0.0,0.0,200,5.345,True,0.570,0.000,"Moved to (0.000, 0.000)"
2026-09-23T17:45:29,30,P2,380.0,0.0,200,5.478,True,0.380,0.000,"Moved to (380.000, 0.000)"
2026-09-23T17:45:35,30,P3,380.0,570.0,200,5.434,True,0.570,0.000,"Moved to (380.000, 570.000)"
2026-09-23T17:45:40,30,P4,0.0,570.0,200,5.409,True,0.380,0.000,"Moved to (0.000, 570.000)"
2026-09-23T17:45:46,31,P1,0.0,0.0,200,5.483,True,0.570,0.000,"Moved to (0.000, 0.000)"
2026-09-23T17:45:51,31,P2,380.0,0.0,200,5.552,True,0.380,0.000,"Moved to (380.000, 0.000)"
2026-09-23T17:45:57,31,P3,380.0,570.0,200,5.448,True,0.570,0.000,"Moved to (380.000, 570.000)"
2026-09-23T17:46:02,31,P4,0.0,570.0,200,5.546,True,0.380,0.000,"Moved to (0.000, 570.000)"
2026-09-23T17:46:07,32,P1,0.0,0.0,200,5.405,True,0.570,0.000,"Moved to (0.000, 0.000)"
2026-09-23T17:46:13,32,P2,380.0,0.0,200,5.498,True,0.380,0.000,"Moved to (380.000, 0.000)"
2026-09-23T17:46:18,32,P3,380.0,570.0,200,5.391,True,0.570,0.000,"Moved to (380.000, 570.000)"
2026-09-23T17:46:24,32,P4,0.0,570.0,200,5.539,True,0.380,0.000,"Moved to (0.000, 570.000)"
2026-09-23T17:46:29,33,P1,0.0,0.0,200,5.372,True,0.570,0.000,"Moved to (0.000, 0.000)"
2026-09-23T17:46:35,33,P2,380.0,0.0,200,5.476,True,0.380,0.000,"Moved to (380.000, 0.000)"
2026-09-23T17:46:40,33,P3,380.0,570.0,200,5.389,True,0.570,0.000,"Moved to (380.000, 570.000)"
2026-09-23T17:46:46,33,P4,0.0,570.0,200,5.507,True,0.380,0.000,"Moved to (0.000, 570.000)"
2026-09-23T17:46:51,34,P1,0.0,0.0,200,5.391,True,0.570,0.000,"Moved to (0.000, 0.000)"
2026-09-23T17:46:57,34,P2,380.0,0.0,200,5.477,True,0.380,0.000,"Moved to (380.000, 0.000)"
2026-09-23T17:47:02,34,P3,380.0,570.0,200,5.425,True,0.570,0.000,"Moved to (380.000, 570.000)"
2026-09-23T17:47:07,34,P4,0.0,570.0,200,5.496,True,0.380,0.000,"Moved to (0.000, 570.000)"
2026-09-23T17:47:13,35,P1,0.0,0.0,200,5.410,True,0.570,0.000,"Moved to (0.000, 0.000)"
2026-09-23T17:47:18,35,P2,380.0,0.0,200,5.483,True,0.380,0.000,"Moved to (380.000, 0.000)"
2026-09-23T17:47:24,35,P3,380.0,570.0,200,5.420,True,0.570,0.000,"Moved to (380.000, 570.000)"
2026-09-23T17:47:29,35,P4,0.0,570.0,200,5.511,True,0.380,0.000,"Moved to (0.000, 570.000)"
2026-09-23T17:47:35,36,P1,0.0,0.0,200,5.437,True,0.570,0.000,"Moved to (0.000, 0.000)"
2026-09-23T17:47:40,36,P2,380.0,0.0,200,5.541,True,0.380,0.000,"Moved to (380.000, 0.000)"
2026-09-23T17:47:46,36,P3,380.0,570.0,200,5.473,True,0.570,0.000,"Moved to (380.000, 570.000)"
2026-09-23T17:47:51,36,P4,0.0,570.0,200,5.549,True,0.380,0.000,"Moved to (0.000, 570.000)"
2026-09-23T17:47:57,37,P1,0.0,0.0,200,5.378,True,0.570,0.000,"Moved to (0.000, 0.000)"
2026-09-23T17:48:02,37,P2,380.0,0.0,200,5.566,True,0.380,0.000,"Moved to (380.000, 0.000)"
2026-09-23T17:48:08,37,P3,380.0,570.0,200,5.549,True,0.570,0.000,"Moved to (380.000, 570.000)"
2026-09-23T17:48:13,37,P4,0.0,570.0,200,5.518,True,0.380,0.000,"Moved to (0.000, 570.000)"
2026-09-23T17:48:19,38,P1,0.0,0.0,200,5.317,True,0.570,0.000,"Moved to (0.000, 0.000)"
2026-09-23T17:48:24,38,P2,380.0,0.0,200,5.567,True,0.380,0.000,"Moved to (380.000, 0.000)"
2026-09-23T17:48:30,38,P3,380.0,570.0,200,5.378,True,0.570,0.000,"Moved to (380.000, 570.000)"
2026-09-23T17:48:35,38,P4,0.0,570.0,200,5.520,True,0.380,0.000,"Moved to (0.000, 570.000)"
2026-09-23T17:48:41,39,P1,0.0,0.0,200,5.476,True,0.570,0.000,"Moved to (0.000, 0.000)"
2026-09-23T17:48:46,39,P2,380.0,0.0,200,5.557,True,0.380,0.000,"Moved to (380.000, 0.000)"
2026-09-23T17:48:52,39,P3,380.0,570.0,200,5.415,True,0.570,0.000,"Moved to (380.000, 570.000)"
2026-09-23T17:48:57,39,P4,0.0,570.0,200,5.525,True,0.380,0.000,"Moved to (0.000, 570.000)"
2026-09-23T17:49:02,40,P1,0.0,0.0,200,5.404,True,0.570,0.000,"Moved to (0.000, 0.000)"
2026-09-23T17:49:08,40,P2,380.0,0.0,200,5.562,True,0.380,0.000,"Moved to (380.000, 0.000)"
2026-09-23T17:49:14,40,P3,380.0,570.0,200,5.589,True,0.570,0.000,"Moved to (380.000, 570.000)"
2026-09-23T17:49:19,40,P4,0.0,570.0,200,5.497,True,0.380,0.000,"Moved to (0.000, 570.000)"
2026-09-23T17:49:25,41,P1,0.0,0.0,200,5.429,True,0.570,0.000,"Moved to (0.000, 0.000)"
2026-09-23T17:49:30,41,P2,380.0,0.0,200,5.568,True,0.380,0.000,"Moved to (380.000, 0.000)"
2026-09-23T17:49:36,41,P3,380.0,570.0,200,5.539,True,0.570,0.000,"Moved to (380.000, 570.000)"
2026-09-23T17:49:41,41,P4,0.0,570.0,200,5.545,True,0.380,0.000,"Moved to (0.000, 570.000)"
2026-09-23T17:49:47,42,P1,0.0,0.0,200,5.458,True,0.570,0.000,"Moved to (0.000, 0.000)"
2026-09-23T17:49:52,42,P2,380.0,0.0,200,5.522,True,0.380,0.000,"Moved to (380.000, 0.000)"
2026-09-23T17:49:58,42,P3,380.0,570.0,200,5.398,True,0.570,0.000,"Moved to (380.000, 570.000)"
2026-09-23T17:50:03,42,P4,0.0,570.0,200,5.517,True,0.380,0.000,"Moved to (0.000, 570.000)"
2026-09-23T17:50:09,43,P1,0.0,0.0,200,5.517,True,0.570,0.000,"Moved to (0.000, 0.000)"
2026-09-23T17:50:14,43,P2,380.0,0.0,200,5.549,True,0.380,0.000,"Moved to (380.000, 0.000)"
2026-09-23T17:50:20,43,P3,380.0,570.0,200,5.394,True,0.570,0.000,"Moved to (380.000, 570.000)"
2026-09-23T17:50:25,43,P4,0.0,570.0,200,5.494,True,0.380,0.000,"Moved to (0.000, 570.000)"
2026-09-23T17:50:30,44,P1,0.0,0.0,200,5.403,True,0.570,0.000,"Moved to (0.000, 0.000)"
2026-09-23T17:50:36,44,P2,380.0,0.0,200,5.581,True,0.380,0.000,"Moved to (380.000, 0.000)"
2026-09-23T17:50:41,44,P3,380.0,570.0,200,5.357,True,0.570,0.000,"Moved to (380.000, 570.000)"
2026-09-23T17:50:47,44,P4,0.0,570.0,200,5.580,True,0.380,0.000,"Moved to (0.000, 570.000)"
2026-09-23T17:50:52,45,P1,0.0,0.0,200,5.429,True,0.570,0.000,"Moved to (0.000, 0.000)"
2026-09-23T17:50:58,45,P2,380.0,0.0,200,5.514,True,0.380,0.000,"Moved to (380.000, 0.000)"
2026-09-23T17:51:03,45,P3,380.0,570.0,200,5.384,True,0.570,0.000,"Moved to (380.000, 570.000)"
2026-09-23T17:51:09,45,P4,0.0,570.0,200,5.565,True,0.380,0.000,"Moved to (0.000, 570.000)"
2026-09-23T17:51:14,46,P1,0.0,0.0,200,5.298,True,0.570,0.000,"Moved to (0.000, 0.000)"
2026-09-23T17:51:20,46,P2,380.0,0.0,200,5.543,True,0.380,0.000,"Moved to (380.000, 0.000)"
2026-09-23T17:51:25,46,P3,380.0,570.0,200,5.468,True,0.570,0.000,"Moved to (380.000, 570.000)"
2026-09-23T17:51:31,46,P4,0.0,570.0,200,5.535,True,0.380,0.000,"Moved to (0.000, 570.000)"
2026-09-23T17:51:36,47,P1,0.0,0.0,200,5.402,True,0.570,0.000,"Moved to (0.000, 0.000)"
2026-09-23T17:51:42,47,P2,380.0,0.0,200,5.565,True,0.380,0.000,"Moved to (380.000, 0.000)"
2026-09-23T17:51:47,47,P3,380.0,570.0,200,5.423,True,0.570,0.000,"Moved to (380.000, 570.000)"
2026-09-23T17:51:53,47,P4,0.0,570.0,200,5.570,True,0.380,0.000,"Moved to (0.000, 570.000)"
2026-09-23T17:51:58,48,P1,0.0,0.0,200,5.536,True,0.570,0.000,"Moved to (0.000, 0.000)"
2026-09-23T17:52:04,48,P2,380.0,0.0,200,5.522,True,0.380,0.000,"Moved to (380.000, 0.000)"
2026-09-23T17:52:09,48,P3,380.0,570.0,200,5.456,True,0.570,0.000,"Moved to (380.000, 570.000)"
2026-09-23T17:52:15,48,P4,0.0,570.0,200,5.496,True,0.380,0.000,"Moved to (0.000, 570.000)"
2026-09-23T17:52:20,49,P1,0.0,0.0,200,5.475,True,0.570,0.000,"Moved to (0.000, 0.000)"
2026-09-23T17:52:26,49,P2,380.0,0.0,200,5.578,True,0.380,0.000,"Moved to (380.000, 0.000)"
2026-09-23T17:52:31,49,P3,380.0,570.0,200,5.428,True,0.570,0.000,"Moved to (380.000, 570.000)"
2026-09-23T17:52:37,49,P4,0.0,570.0,200,5.507,True,0.380,0.000,"Moved to (0.000, 570.000)"
2026-09-23T17:52:42,50,P1,0.0,0.0,200,5.362,True,0.570,0.000,"Moved to (0.000, 0.000)"
2026-09-23T17:52:48,50,P2,380.0,0.0,200,5.529,True,0.380,0.000,"Moved to (380.000, 0.000)"
2026-09-23T17:52:53,50,P3,380.0,570.0,200,5.535,True,0.570,0.000,"Moved to (380.000, 570.000)"
2026-09-23T17:52:59,50,P4,0.0,570.0,200,5.513,True,0.380,0.000,"Moved to (0.000, 570.000)"
2026-09-23T17:53:04,51,P1,0.0,0.0,200,5.549,True,0.570,0.000,"Moved to (0.000, 0.000)"
2026-09-23T17:53:10,51,P2,380.0,0.0,200,5.521,True,0.380,0.000,"Moved to (380.000, 0.000)"
2026-09-23T17:53:15,51,P3,380.0,570.0,200,5.412,True,0.570,0.000,"Moved to (380.000, 570.000)"
2026-09-23T17:53:21,51,P4,0.0,570.0,200,5.531,True,0.380,0.000,"Moved to (0.000, 570.000)"
2026-09-23T17:53:26,52,P1,0.0,0.0,200,5.446,True,0.570,0.000,"Moved to (0.000, 0.000)"
2026-09-23T17:53:32,52,P2,380.0,0.0,200,5.531,True,0.380,0.000,"Moved to (380.000, 0.000)"
2026-09-23T17:53:37,52,P3,380.0,570.0,200,5.339,True,0.570,0.000,"Moved to (380.000, 570.000)"
2026-09-23T17:53:42,52,P4,0.0,570.0,200,5.430,True,0.380,0.000,"Moved to (0.000, 570.000)"
2026-09-23T17:53:48,53,P1,0.0,0.0,200,5.411,True,0.570,0.000,"Moved to (0.000, 0.000)"
2026-09-23T17:53:53,53,P2,380.0,0.0,200,5.502,True,0.380,0.000,"Moved to (380.000, 0.000)"
2026-09-23T17:53:59,53,P3,380.0,570.0,200,5.549,True,0.570,0.000,"Moved to (380.000, 570.000)"
2026-09-23T17:54:04,53,P4,0.0,570.0,200,5.513,True,0.380,0.000,"Moved to (0.000, 570.000)"
2026-09-23T17:54:10,54,P1,0.0,0.0,200,5.383,True,0.570,0.000,"Moved to (0.000, 0.000)"
2026-09-23T17:54:15,54,P2,380.0,0.0,200,5.463,True,0.380,0.000,"Moved to (380.000, 0.000)"
2026-09-23T17:54:21,54,P3,380.0,570.0,200,5.418,True,0.570,0.000,"Moved to (380.000, 570.000)"
2026-09-23T17:54:26,54,P4,0.0,570.0,200,5.544,True,0.380,0.000,"Moved to (0.000, 570.000)"
2026-09-23T17:54:32,55,P1,0.0,0.0,200,5.382,True,0.570,0.000,"Moved to (0.000, 0.000)"
2026-09-23T17:54:37,55,P2,380.0,0.0,200,5.524,True,0.380,0.000,"Moved to (380.000, 0.000)"
2026-09-23T17:54:43,55,P3,380.0,570.0,200,5.373,True,0.570,0.000,"Moved to (380.000, 570.000)"
2026-09-23T17:54:48,55,P4,0.0,570.0,200,5.500,True,0.380,0.000,"Moved to (0.000, 570.000)"
2026-09-23T17:54:53,56,P1,0.0,0.0,200,5.408,True,0.570,0.000,"Moved to (0.000, 0.000)"
2026-09-23T17:54:59,56,P2,380.0,0.0,200,5.504,True,0.380,0.000,"Moved to (380.000, 0.000)"
2026-09-23T17:55:05,56,P3,380.0,570.0,200,5.583,True,0.570,0.000,"Moved to (380.000, 570.000)"
2026-09-23T17:55:10,56,P4,0.0,570.0,200,5.517,True,0.380,0.000,"Moved to (0.000, 570.000)"
2026-09-23T17:55:15,57,P1,0.0,0.0,200,5.415,True,0.570,0.000,"Moved to (0.000, 0.000)"
2026-09-23T17:55:21,57,P2,380.0,0.0,200,5.430,True,0.380,0.000,"Moved to (380.000, 0.000)"
2026-09-23T17:55:26,57,P3,380.0,570.0,200,5.333,True,0.570,0.000,"Moved to (380.000, 570.000)"
2026-09-23T17:55:32,57,P4,0.0,570.0,200,5.512,True,0.380,0.000,"Moved to (0.000, 570.000)"
2026-09-23T17:55:37,58,P1,0.0,0.0,200,5.402,True,0.570,0.000,"Moved to (0.000, 0.000)"
2026-09-23T17:55:43,58,P2,380.0,0.0,200,5.581,True,0.380,0.000,"Moved to (380.000, 0.000)"
2026-09-23T17:55:48,58,P3,380.0,570.0,200,5.467,True,0.570,0.000,"Moved to (380.000, 570.000)"
2026-09-23T17:55:54,58,P4,0.0,570.0,200,5.498,True,0.380,0.000,"Moved to (0.000, 570.000)"
2026-09-23T17:55:59,59,P1,0.0,0.0,200,5.464,True,0.570,0.000,"Moved to (0.000, 0.000)"
2026-09-23T17:56:05,59,P2,380.0,0.0,200,5.565,True,0.380,0.000,"Moved to (380.000, 0.000)"
2026-09-23T17:56:10,59,P3,380.0,570.0,200,5.366,True,0.570,0.000,"Moved to (380.000, 570.000)"
2026-09-23T17:56:16,59,P4,0.0,570.0,200,5.515,True,0.380,0.000,"Moved to (0.000, 570.000)"
2026-09-23T17:56:21,60,P1,0.0,0.0,200,5.564,True,0.570,0.000,"Moved to (0.000, 0.000)"
2026-09-23T17:56:27,60,P2,380.0,0.0,200,5.469,True,0.380,0.000,"Moved to (380.000, 0.000)"
2026-09-23T17:56:32,60,P3,380.0,570.0,200,5.426,True,0.570,0.000,"Moved to (380.000, 570.000)"
2026-09-23T17:56:38,60,P4,0.0,570.0,200,5.527,True,0.380,0.000,"Moved to (0.000, 570.000)"
2026-09-23T17:56:43,61,P1,0.0,0.0,200,5.408,True,0.570,0.000,"Moved to (0.000, 0.000)"
2026-09-23T17:56:49,61,P2,380.0,0.0,200,5.533,True,0.380,0.000,"Moved to (380.000, 0.000)"
2026-09-23T17:56:54,61,P3,380.0,570.0,200,5.429,True,0.570,0.000,"Moved to (380.000, 570.000)"
2026-09-23T17:57:00,61,P4,0.0,570.0,200,5.552,True,0.380,0.000,"Moved to (0.000, 570.000)"
2026-09-23T17:57:05,62,P1,0.0,0.0,200,5.429,True,0.570,0.000,"Moved to (0.000, 0.000)"
2026-09-23T17:57:10,62,P2,380.0,0.0,200,5.519,True,0.380,0.000,"Moved to (380.000, 0.000)"
2026-09-23T17:57:16,62,P3,380.0,570.0,200,5.364,True,0.570,0.000,"Moved to (380.000, 570.000)"
2026-09-23T17:57:21,62,P4,0.0,570.0,200,5.461,True,0.380,0.000,"Moved to (0.000, 570.000)"
2026-09-23T17:57:27,63,P1,0.0,0.0,200,5.371,True,0.570,0.000,"Moved to (0.000, 0.000)"
2026-09-23T17:57:32,63,P2,380.0,0.0,200,5.576,True,0.380,0.000,"Moved to (380.000, 0.000)"
2026-09-23T17:57:38,63,P3,380.0,570.0,200,5.535,True,0.570,0.000,"Moved to (380.000, 570.000)"
2026-09-23T17:57:43,63,P4,0.0,570.0,200,5.547,True,0.380,0.000,"Moved to (0.000, 570.000)"
2026-09-23T17:57:49,64,P1,0.0,0.0,200,5.401,True,0.570,0.000,"Moved to (0.000, 0.000)"
2026-09-23T17:57:54,64,P2,380.0,0.0,200,5.545,True,0.380,0.000,"Moved to (380.000, 0.000)"
2026-09-23T17:58:00,64,P3,380.0,570.0,200,5.370,True,0.570,0.000,"Moved to (380.000, 570.000)"
2026-09-23T17:58:05,64,P4,0.0,570.0,200,5.530,True,0.380,0.000,"Moved to (0.000, 570.000)"
2026-09-23T17:58:11,65,P1,0.0,0.0,200,5.413,True,0.570,0.000,"Moved to (0.000, 0.000)"
2026-09-23T17:58:16,65,P2,380.0,0.0,200,5.548,True,0.380,0.000,"Moved to (380.000, 0.000)"
2026-09-23T17:58:22,65,P3,380.0,570.0,200,5.566,True,0.570,0.000,"Moved to (380.000, 570.000)"
2026-09-23T17:58:27,65,P4,0.0,570.0,200,5.535,True,0.380,0.000,"Moved to (0.000, 570.000)"
2026-09-23T17:58:33,66,P1,0.0,0.0,200,5.395,True,0.570,0.000,"Moved to (0.000, 0.000)"
2026-09-23T17:58:38,66,P2,380.0,0.0,200,5.548,True,0.380,0.000,"Moved to (380.000, 0.000)"
2026-09-23T17:58:44,66,P3,380.0,570.0,200,5.319,True,0.570,0.000,"Moved to (380.000, 570.000)"
2026-09-23T17:58:49,66,P4,0.0,570.0,200,5.553,True,0.380,0.000,"Moved to (0.000, 570.000)"
2026-09-23T17:58:54,67,P1,0.0,0.0,200,5.429,True,0.570,0.000,"Moved to (0.000, 0.000)"
2026-09-23T17:59:00,67,P2,380.0,0.0,200,5.545,True,0.380,0.000,"Moved to (380.000, 0.000)"
2026-09-23T17:59:05,67,P3,380.0,570.0,200,5.449,True,0.570,0.000,"Moved to (380.000, 570.000)"
2026-09-23T17:59:11,67,P4,0.0,570.0,200,5.582,True,0.380,0.000,"Moved to (0.000, 570.000)"
2026-09-23T17:59:16,68,P1,0.0,0.0,200,5.417,True,0.570,0.000,"Moved to (0.000, 0.000)"
2026-09-23T17:59:22,68,P2,380.0,0.0,200,5.494,True,0.380,0.000,"Moved to (380.000, 0.000)"
2026-09-23T17:59:28,68,P3,380.0,570.0,200,5.524,True,0.570,0.000,"Moved to (380.000, 570.000)"
2026-09-23T17:59:33,68,P4,0.0,570.0,200,5.549,True,0.380,0.000,"Moved to (0.000, 570.000)"
2026-09-23T17:59:39,69,P1,0.0,0.0,200,5.568,True,0.570,0.000,"Moved to (0.000, 0.000)"
2026-09-23T17:59:44,69,P2,380.0,0.0,200,5.589,True,0.380,0.000,"Moved to (380.000, 0.000)"
2026-09-23T17:59:50,69,P3,380.0,570.0,200,5.387,True,0.570,0.000,"Moved to (380.000, 570.000)"
2026-09-23T17:59:55,69,P4,0.0,570.0,200,5.511,True,0.380,0.000,"Moved to (0.000, 570.000)"
2026-09-23T18:00:01,70,P1,0.0,0.0,200,5.513,True,0.570,0.000,"Moved to (0.000, 0.000)"
2026-09-23T18:00:06,70,P2,380.0,0.0,200,5.517,True,0.380,0.000,"Moved to (380.000, 0.000)"
2026-09-23T18:00:12,70,P3,380.0,570.0,200,5.443,True,0.570,0.000,"Moved to (380.000, 570.000)"
2026-09-23T18:00:17,70,P4,0.0,570.0,200,5.553,True,0.380,0.000,"Moved to (0.000, 570.000)"
2026-09-23T18:00:23,71,P1,0.0,0.0,200,5.398,True,0.570,0.000,"Moved to (0.000, 0.000)"
2026-09-23T18:00:28,71,P2,380.0,0.0,200,5.532,True,0.380,0.000,"Moved to (380.000, 0.000)"
2026-09-23T18:00:33,71,P3,380.0,570.0,200,5.383,True,0.570,0.000,"Moved to (380.000, 570.000)"
2026-09-23T18:00:39,71,P4,0.0,570.0,200,5.514,True,0.380,0.000,"Moved to (0.000, 570.000)"
2026-09-23T18:00:44,72,P1,0.0,0.0,200,5.416,True,0.570,0.000,"Moved to (0.000, 0.000)"
2026-09-23T18:00:50,72,P2,380.0,0.0,200,5.515,True,0.380,0.000,"Moved to (380.000, 0.000)"
2026-09-23T18:00:55,72,P3,380.0,570.0,200,5.400,True,0.570,0.000,"Moved to (380.000, 570.000)"
2026-09-23T18:01:01,72,P4,0.0,570.0,200,5.497,True,0.380,0.000,"Moved to (0.000, 570.000)"
2026-09-23T18:01:06,73,P1,0.0,0.0,200,5.433,True,0.570,0.000,"Moved to (0.000, 0.000)"
2026-09-23T18:01:12,73,P2,380.0,0.0,200,5.499,True,0.380,0.000,"Moved to (380.000, 0.000)"
2026-09-23T18:01:17,73,P3,380.0,570.0,200,5.564,True,0.570,0.000,"Moved to (380.000, 570.000)"
2026-09-23T18:01:23,73,P4,0.0,570.0,200,5.532,True,0.380,0.000,"Moved to (0.000, 570.000)"
2026-09-23T18:01:28,74,P1,0.0,0.0,200,5.481,True,0.570,0.000,"Moved to (0.000, 0.000)"
2026-09-23T18:01:34,74,P2,380.0,0.0,200,5.552,True,0.380,0.000,"Moved to (380.000, 0.000)"
2026-09-23T18:01:39,74,P3,380.0,570.0,200,5.429,True,0.570,0.000,"Moved to (380.000, 570.000)"
2026-09-23T18:01:45,74,P4,0.0,570.0,200,5.520,True,0.380,0.000,"Moved to (0.000, 570.000)"
2026-09-23T18:01:50,75,P1,0.0,0.0,200,5.396,True,0.570,0.000,"Moved to (0.000, 0.000)"
2026-09-23T18:01:56,75,P2,380.0,0.0,200,5.517,True,0.380,0.000,"Moved to (380.000, 0.000)"
2026-09-23T18:02:01,75,P3,380.0,570.0,200,5.379,True,0.570,0.000,"Moved to (380.000, 570.000)"
2026-09-23T18:02:07,75,P4,0.0,570.0,200,5.518,True,0.380,0.000,"Moved to (0.000, 570.000)"
2026-09-23T18:02:12,76,P1,0.0,0.0,200,5.429,True,0.570,0.000,"Moved to (0.000, 0.000)"
2026-09-23T18:02:18,76,P2,380.0,0.0,200,5.514,True,0.380,0.000,"Moved to (380.000, 0.000)"
2026-09-23T18:02:23,76,P3,380.0,570.0,200,5.381,True,0.570,0.000,"Moved to (380.000, 570.000)"
2026-09-23T18:02:28,76,P4,0.0,570.0,200,5.485,True,0.380,0.000,"Moved to (0.000, 570.000)"
2026-09-23T18:02:34,77,P1,0.0,0.0,200,5.366,True,0.570,0.000,"Moved to (0.000, 0.000)"
2026-09-23T18:02:39,77,P2,380.0,0.0,200,5.547,True,0.380,0.000,"Moved to (380.000, 0.000)"
2026-09-23T18:02:45,77,P3,380.0,570.0,200,5.446,True,0.570,0.000,"Moved to (380.000, 570.000)"
2026-09-23T18:02:50,77,P4,0.0,570.0,200,5.532,True,0.380,0.000,"Moved to (0.000, 570.000)"
2026-09-23T18:02:56,78,P1,0.0,0.0,200,5.503,True,0.570,0.000,"Moved to (0.000, 0.000)"
2026-09-23T18:03:01,78,P2,380.0,0.0,200,5.514,True,0.380,0.000,"Moved to (380.000, 0.000)"
2026-09-23T18:03:07,78,P3,380.0,570.0,200,5.405,True,0.570,0.000,"Moved to (380.000, 570.000)"
2026-09-23T18:03:12,78,P4,0.0,570.0,200,5.510,True,0.380,0.000,"Moved to (0.000, 570.000)"
2026-09-23T18:03:18,79,P1,0.0,0.0,200,5.414,True,0.570,0.000,"Moved to (0.000, 0.000)"
2026-09-23T18:03:23,79,P2,380.0,0.0,200,5.500,True,0.380,0.000,"Moved to (380.000, 0.000)"
2026-09-23T18:03:29,79,P3,380.0,570.0,200,5.415,True,0.570,0.000,"Moved to (380.000, 570.000)"
2026-09-23T18:03:34,79,P4,0.0,570.0,200,5.500,True,0.380,0.000,"Moved to (0.000, 570.000)"
2026-09-23T18:03:40,80,P1,0.0,0.0,200,5.447,True,0.570,0.000,"Moved to (0.000, 0.000)"
2026-09-23T18:03:45,80,P2,380.0,0.0,200,5.516,True,0.380,0.000,"Moved to (380.000, 0.000)"
2026-09-23T18:03:51,80,P3,380.0,570.0,200,5.516,True,0.570,0.000,"Moved to (380.000, 570.000)"
2026-09-23T18:03:56,80,P4,0.0,570.0,200,5.483,True,0.380,0.000,"Moved to (0.000, 570.000)"
2026-09-23T18:04:02,81,P1,0.0,0.0,200,5.450,True,0.570,0.000,"Moved to (0.000, 0.000)"
2026-09-23T18:04:07,81,P2,380.0,0.0,200,5.493,True,0.380,0.000,"Moved to (380.000, 0.000)"
2026-09-23T18:04:12,81,P3,380.0,570.0,200,5.433,True,0.570,0.000,"Moved to (380.000, 570.000)"
2026-09-23T18:04:18,81,P4,0.0,570.0,200,5.530,True,0.380,0.000,"Moved to (0.000, 570.000)"
2026-09-23T18:04:23,82,P1,0.0,0.0,200,5.416,True,0.570,0.000,"Moved to (0.000, 0.000)"
2026-09-23T18:04:29,82,P2,380.0,0.0,200,5.548,True,0.380,0.000,"Moved to (380.000, 0.000)"
2026-09-23T18:04:35,82,P3,380.0,570.0,200,5.583,True,0.570,0.000,"Moved to (380.000, 570.000)"
2026-09-23T18:04:40,82,P4,0.0,570.0,200,5.568,True,0.380,0.000,"Moved to (0.000, 570.000)"
2026-09-23T18:04:46,83,P1,0.0,0.0,200,5.396,True,0.570,0.000,"Moved to (0.000, 0.000)"
2026-09-23T18:04:51,83,P2,380.0,0.0,200,5.516,True,0.380,0.000,"Moved to (380.000, 0.000)"
2026-09-23T18:04:57,83,P3,380.0,570.0,200,5.563,True,0.570,0.000,"Moved to (380.000, 570.000)"
2026-09-23T18:05:02,83,P4,0.0,570.0,200,5.532,True,0.380,0.000,"Moved to (0.000, 570.000)"
2026-09-23T18:05:08,84,P1,0.0,0.0,200,5.369,True,0.570,0.000,"Moved to (0.000, 0.000)"
2026-09-23T18:05:13,84,P2,380.0,0.0,200,5.488,True,0.380,0.000,"Moved to (380.000, 0.000)"
2026-09-23T18:05:18,84,P3,380.0,570.0,200,5.459,True,0.570,0.000,"Moved to (380.000, 570.000)"
2026-09-23T18:05:24,84,P4,0.0,570.0,200,5.515,True,0.380,0.000,"Moved to (0.000, 570.000)"
2026-09-23T18:05:29,85,P1,0.0,0.0,200,5.430,True,0.570,0.000,"Moved to (0.000, 0.000)"
2026-09-23T18:05:35,85,P2,380.0,0.0,200,5.550,True,0.380,0.000,"Moved to (380.000, 0.000)"
2026-09-23T18:05:40,85,P3,380.0,570.0,200,5.465,True,0.570,0.000,"Moved to (380.000, 570.000)"
2026-09-23T18:05:46,85,P4,0.0,570.0,200,5.482,True,0.380,0.000,"Moved to (0.000, 570.000)"
2026-09-23T18:05:51,86,P1,0.0,0.0,200,5.363,True,0.570,0.000,"Moved to (0.000, 0.000)"
2026-09-23T18:05:57,86,P2,380.0,0.0,200,5.553,True,0.380,0.000,"Moved to (380.000, 0.000)"
2026-09-23T18:06:02,86,P3,380.0,570.0,200,5.395,True,0.570,0.000,"Moved to (380.000, 570.000)"
2026-09-23T18:06:08,86,P4,0.0,570.0,200,5.593,True,0.380,0.000,"Moved to (0.000, 570.000)"
2026-09-23T18:06:13,87,P1,0.0,0.0,200,5.539,True,0.570,0.000,"Moved to (0.000, 0.000)"
2026-09-23T18:06:19,87,P2,380.0,0.0,200,5.565,True,0.380,0.000,"Moved to (380.000, 0.000)"
2026-09-23T18:06:24,87,P3,380.0,570.0,200,5.399,True,0.570,0.000,"Moved to (380.000, 570.000)"
2026-09-23T18:06:30,87,P4,0.0,570.0,200,5.531,True,0.380,0.000,"Moved to (0.000, 570.000)"
2026-09-23T18:06:35,88,P1,0.0,0.0,200,5.431,True,0.570,0.000,"Moved to (0.000, 0.000)"
2026-09-23T18:06:41,88,P2,380.0,0.0,200,5.508,True,0.380,0.000,"Moved to (380.000, 0.000)"
2026-09-23T18:06:46,88,P3,380.0,570.0,200,5.422,True,0.570,0.000,"Moved to (380.000, 570.000)"
2026-09-23T18:06:52,88,P4,0.0,570.0,200,5.564,True,0.380,0.000,"Moved to (0.000, 570.000)"
2026-09-23T18:06:57,89,P1,0.0,0.0,200,5.418,True,0.570,0.000,"Moved to (0.000, 0.000)"
2026-09-23T18:07:03,89,P2,380.0,0.0,200,5.500,True,0.380,0.000,"Moved to (380.000, 0.000)"
2026-09-23T18:07:08,89,P3,380.0,570.0,200,5.430,True,0.570,0.000,"Moved to (380.000, 570.000)"
2026-09-23T18:07:14,89,P4,0.0,570.0,200,5.514,True,0.380,0.000,"Moved to (0.000, 570.000)"
2026-09-23T18:07:19,90,P1,0.0,0.0,200,5.404,True,0.570,0.000,"Moved to (0.000, 0.000)"
2026-09-23T18:07:25,90,P2,380.0,0.0,200,5.566,True,0.380,0.000,"Moved to (380.000, 0.000)"
2026-09-23T18:07:30,90,P3,380.0,570.0,200,5.416,True,0.570,0.000,"Moved to (380.000, 570.000)"
2026-09-23T18:07:36,90,P4,0.0,570.0,200,5.510,True,0.380,0.000,"Moved to (0.000, 570.000)"
2026-09-23T18:07:41,91,P1,0.0,0.0,200,5.413,True,0.570,0.000,"Moved to (0.000, 0.000)"
2026-09-23T18:07:47,91,P2,380.0,0.0,200,5.567,True,0.380,0.000,"Moved to (380.000, 0.000)"
2026-09-23T18:07:52,91,P3,380.0,570.0,200,5.482,True,0.570,0.000,"Moved to (380.000, 570.000)"
2026-09-23T18:07:58,91,P4,0.0,570.0,200,5.584,True,0.380,0.000,"Moved to (0.000, 570.000)"
2026-09-23T18:08:03,92,P1,0.0,0.0,200,5.463,True,0.570,0.000,"Moved to (0.000, 0.000)"
2026-09-23T18:08:09,92,P2,380.0,0.0,200,5.531,True,0.380,0.000,"Moved to (380.000, 0.000)"
2026-09-23T18:08:14,92,P3,380.0,570.0,200,5.481,True,0.570,0.000,"Moved to (380.000, 570.000)"
2026-09-23T18:08:20,92,P4,0.0,570.0,200,5.529,True,0.380,0.000,"Moved to (0.000, 570.000)"
2026-09-23T18:08:25,93,P1,0.0,0.0,200,5.550,True,0.570,0.000,"Moved to (0.000, 0.000)"
2026-09-23T18:08:31,93,P2,380.0,0.0,200,5.534,True,0.380,0.000,"Moved to (380.000, 0.000)"
2026-09-23T18:08:36,93,P3,380.0,570.0,200,5.556,True,0.570,0.000,"Moved to (380.000, 570.000)"
2026-09-23T18:08:42,93,P4,0.0,570.0,200,5.539,True,0.380,0.000,"Moved to (0.000, 570.000)"
2026-09-23T18:08:47,94,P1,0.0,0.0,200,5.516,True,0.570,0.000,"Moved to (0.000, 0.000)"
2026-09-23T18:08:53,94,P2,380.0,0.0,200,5.517,True,0.380,0.000,"Moved to (380.000, 0.000)"
2026-09-23T18:08:58,94,P3,380.0,570.0,200,5.543,True,0.570,0.000,"Moved to (380.000, 570.000)"
2026-09-23T18:09:04,94,P4,0.0,570.0,200,5.528,True,0.380,0.000,"Moved to (0.000, 570.000)"
2026-09-23T18:09:09,95,P1,0.0,0.0,200,5.437,True,0.570,0.000,"Moved to (0.000, 0.000)"
2026-09-23T18:09:15,95,P2,380.0,0.0,200,5.634,True,0.380,0.000,"Moved to (380.000, 0.000)"
2026-09-23T18:09:20,95,P3,380.0,570.0,200,5.414,True,0.570,0.000,"Moved to (380.000, 570.000)"
2026-09-23T18:09:26,95,P4,0.0,570.0,200,5.481,True,0.380,0.000,"Moved to (0.000, 570.000)"
2026-09-23T18:09:31,96,P1,0.0,0.0,200,5.488,True,0.570,0.000,"Moved to (0.000, 0.000)"
2026-09-23T18:09:37,96,P2,380.0,0.0,200,5.515,True,0.380,0.000,"Moved to (380.000, 0.000)"
2026-09-23T18:09:42,96,P3,380.0,570.0,200,5.452,True,0.570,0.000,"Moved to (380.000, 570.000)"
2026-09-23T18:09:48,96,P4,0.0,570.0,200,5.562,True,0.380,0.000,"Moved to (0.000, 570.000)"
2026-09-23T18:09:53,97,P1,0.0,0.0,200,5.396,True,0.570,0.000,"Moved to (0.000, 0.000)"
2026-09-23T18:09:59,97,P2,380.0,0.0,200,5.565,True,0.380,0.000,"Moved to (380.000, 0.000)"
2026-09-23T18:10:04,97,P3,380.0,570.0,200,5.402,True,0.570,0.000,"Moved to (380.000, 570.000)"
2026-09-23T18:10:10,97,P4,0.0,570.0,200,5.496,True,0.380,0.000,"Moved to (0.000, 570.000)"
2026-09-23T18:10:15,98,P1,0.0,0.0,200,5.550,True,0.570,0.000,"Moved to (0.000, 0.000)"
2026-09-23T18:10:21,98,P2,380.0,0.0,200,5.539,True,0.380,0.000,"Moved to (380.000, 0.000)"
2026-09-23T18:10:26,98,P3,380.0,570.0,200,5.459,True,0.570,0.000,"Moved to (380.000, 570.000)"
2026-09-23T18:10:32,98,P4,0.0,570.0,200,5.486,True,0.380,0.000,"Moved to (0.000, 570.000)"
2026-09-23T18:10:37,99,P1,0.0,0.0,200,5.479,True,0.570,0.000,"Moved to (0.000, 0.000)"
2026-09-23T18:10:43,99,P2,380.0,0.0,200,5.548,True,0.380,0.000,"Moved to (380.000, 0.000)"
2026-09-23T18:10:48,99,P3,380.0,570.0,200,5.404,True,0.570,0.000,"Moved to (380.000, 570.000)"
2026-09-23T18:10:54,99,P4,0.0,570.0,200,5.518,True,0.380,0.000,"Moved to (0.000, 570.000)"
2026-09-23T18:10:59,100,P1,0.0,0.0,200,5.429,True,0.570,0.000,"Moved to (0.000, 0.000)"
2026-09-23T18:11:05,100,P2,380.0,0.0,200,5.585,True,0.380,0.000,"Moved to (380.000, 0.000)"
2026-09-23T18:11:10,100,P3,380.0,570.0,200,5.530,True,0.570,0.000,"Moved to (380.000, 570.000)"
2026-09-23T18:11:16,100,P4,0.0,570.0,200,5.488,True,0.380,0.000,"Moved to (0.000, 570.000)"
2026-09-24T09:42:06,1,P1,0.0,0.0,200,5.701,True,0.000,0.000,"Moved to (0.000, 0.000)"
2026-09-24T09:42:11,1,P2,380.0,0.0,200,5.577,True,0.380,0.000,"Moved to (380.000, 0.000)"
2026-09-24T09:42:17,1,P3,380.0,570.0,200,5.451,True,0.570,0.000,"Moved to (380.000, 570.000)"
2026-09-24T09:42:22,1,P4,0.0,570.0,200,5.517,True,0.380,0.000,"Moved to (0.000, 570.000)"
2026-09-24T09:42:28,2,P1,0.0,0.0,200,5.385,True,0.570,0.000,"Moved to (0.000, 0.000)"
2026-09-24T09:42:33,2,P2,380.0,0.0,200,5.517,True,0.380,0.000,"Moved to (380.000, 0.000)"
2026-09-24T09:42:39,2,P3,380.0,570.0,200,5.371,True,0.570,0.000,"Moved to (380.000, 570.000)"
2026-09-24T09:42:44,2,P4,0.0,570.0,200,5.589,True,0.380,0.000,"Moved to (0.000, 570.000)"
